photo_filename,party,election_count,photo_url,gender,unit,monaCd,committees,region,rownum,unitCd,election_method,name
강경숙.jpg,조국혁신당,초선,https://www.assembly.go.kr/static/portal/img/openassm/new/thumb/68f83caf0c9e4546b1694ead863f45ce.jpg,여,제22대,1,교육위원회,비례대표,1,100022,비례대표,강경숙
강대식.png,국민의힘,재선,https://www.assembly.go.kr/static/portal/img/openassm/new/thumb/d1fe9f0902d84f0ba74f721d3298be7f.png,남,제22대,2,국방위원회,대구 동구군위군을,2,100022,지역구,강대식
강득구.jpg,더불어민주당,재선,https://www.assembly.go.kr/static/portal/img/openassm/new/thumb/0410a0c8e24b474cac2fd79c7700ca2f.jpg,남,제22대,3,"환경노동위원회, 기후위기 특별위원회",경기 안양시만안구,3,100022,지역구,강득구
강명구.jpg,국민의힘,초선,https://www.assembly.go.kr/static/portal/img/openassm/new/thumb/9f095290d68b47638983c7db100c2eb0.jpg,남,제22대,4,"국회운영위원회, 농림축산식품해양수산위원회",경북 구미시을,4,100022,지역구,강명구
강민국.png,국민의힘,재선,https://www.assembly.go.kr/static/portal/img/openassm/new/thumb/70f21f66d1ea471192858adb6f379299.png,남,제22대,5,정무위원회,경남 진주시을,5,100022,지역구,강민국
강선영.jpg,국민의힘,초선,https://www.assembly.go.kr/static/portal/img/openassm/new/thumb/89a10eac7851470598886907100ae5ad.jpg,여,제22대,6,"국방위원회, 윤석열정부의비상계엄선포를통한내란혐의진상규명국정조사특별위원회",비례대표,6,100022,비례대표,강선영
강선우.jpg,더불어민주당,재선,https://www.assembly.go.kr/static/portal/img/openassm/new/thumb/20176db75bd943df8714cc2d9a686ff7.jpg,여,제22대,7,"보건복지위원회, 연금개혁 특별위원회",서울 강서구갑,7,100022,지역구,강선우
강승규.jpg,국민의힘,재선,https://www.assembly.go.kr/static/portal/img/openassm/new/thumb/ec481315df7b49b4b1a0e8761f41ca49.jpg,남,제22대,8,"산업통상자원중소벤처기업위원회, 예산결산특별위원회",충남 홍성군예산군,8,100022,지역구,강승규
강유정.png,더불어민주당,초선,https://www.assembly.go.kr/static/portal/img/openassm/new/thumb/14dff5a40ac54e5ab44839de11eb01b4.png,여,제22대,9,"국회운영위원회, 문화체육관광위원회",비례대표,9,100022,비례대표,강유정
강준현.jpg,더불어민주당,재선,https://www.assembly.go.kr/static/portal/img/openassm/new/thumb/cf61b325757141748e07e055e1541468.jpg,남,제22대,10,정무위원회,세종특별자치시을,10,100022,지역구,강준현
강훈식.jpg,더불어민주당,,https://www.assembly.go.kr/static/portal/img/openassm/new/thumb/ff6b82533b314e30a32cf9a8d82b11c3.jpg,,제22대,11,,,,100022,,강훈식
고동진.jpg,국민의힘,,https://www.assembly.go.kr/static/portal/img/openassm/new/thumb/8e0621184727401ea5537cbeb1557776.jpg,,제22대,12,,,,100022,,고동진
고민정.jpg,더불어민주당,,https://www.assembly.go.kr/static/portal/img/openassm/new/thumb/d0dbd25d7bc04abdbf2775200feacebb.jpg,,제22대,13,,,,100022,,고민정
곽규택.jpg,국민의힘,,https://www.assembly.go.kr/static/portal/img/openassm/new/thumb/fd163330861a4c5691ba7cfd0ad39ea6.jpg,,제22대,14,,,,100022,,곽규택
곽상언.jpg,더불어민주당,,https://www.assembly.go.kr/static/portal/img/openassm/new/thumb/6719771fc8dd4a80a824ac6716aa854b.jpg,,제22대,15,,,,100022,,곽상언
구자근.jpg,국민의힘,,https://www.assembly.go.kr/static/portal/img/openassm/new/thumb/009fb2abbde940579802b3494f132e85.jpg,,제22대,16,,,,100022,,구자근
권성동.png,국민의힘,,https://www.assembly.go.kr/static/portal/img/openassm/new/thumb/af3b64d8d85b45dcbccefb6646589be9.png,,제22대,17,,,,100022,,권성동
권영세.jpg,국민의힘,,https://www.assembly.go.kr/static/portal/img/openassm/new/thumb/f58fcbb4b2f64d05a335da7099f679e7.jpg,,제22대,18,,,,100022,,권영세
권영진.png,국민의힘,,https://www.assembly.go.kr/static/portal/img/openassm/new/thumb/3d91cfa36267481a8f860816e419f426.png,,제22대,19,,,,100022,,권영진
권칠승.png,더불어민주당,,https://www.assembly.go.kr/static/portal/img/openassm/new/thumb/732a1459c8554b999d8c248d703d8fa2.png,,제22대,20,,,,100022,,권칠승
권향엽.jpg,더불어민주당,,https://www.assembly.go.kr/static/portal/img/openassm/new/thumb/e25ff63bda9c446c81919549ba09c6c6.jpg,,제22대,21,,,,100022,,권향엽
김건.jpg,국민의힘,,https://www.assembly.go.kr/static/portal/img/openassm/new/thumb/6feef8ae3b40491c838984336e5efd6e.jpg,,제22대,22,,,,100022,,김건
김교흥.jpg,더불어민주당,,https://www.assembly.go.kr/static/portal/img/openassm/new/thumb/c2640d735bdc4520ad3838183f97ad54.jpg,,제22대,23,,,,100022,,김교흥
김기웅.png,국민의힘,,https://www.assembly.go.kr/static/portal/img/openassm/new/thumb/4e032a885456487ebe70f143ef373f92.png,,제22대,24,,,,100022,,김기웅
김기표.jpg,더불어민주당,,https://www.assembly.go.kr/static/portal/img/openassm/new/thumb/3ce78ac9f853436f8cb5c01e08c567be.jpg,,제22대,25,,,,100022,,김기표
김기현.jpg,국민의힘,,https://www.assembly.go.kr/static/portal/img/openassm/new/thumb/57179e16dfac4bfb8ac08d903b93dd39.jpg,,제22대,26,,,,100022,,김기현
김남근.png,더불어민주당,,https://www.assembly.go.kr/static/portal/img/openassm/new/thumb/66bc8c4d4026465da6cfed67b0fbfe5e.png,,제22대,27,,,,100022,,김남근
김남희.jpg,더불어민주당,,https://www.assembly.go.kr/static/portal/img/openassm/new/thumb/42bdeca2bfe9430781fe748ae694988d.jpg,,제22대,28,,,,100022,,김남희
김대식.png,국민의힘,,https://www.assembly.go.kr/static/portal/img/openassm/new/thumb/a3a98ad4d2b24e3ba8de8de37631a192.png,,제22대,29,,,,100022,,김대식
김도읍.png,국민의힘,,https://www.assembly.go.kr/static/portal/img/openassm/new/thumb/63a47955a6b94df381c8f17c18bc1774.png,,제22대,30,,,,100022,,김도읍
김동아.png,더불어민주당,,https://www.assembly.go.kr/static/portal/img/openassm/new/thumb/2aa44f38f64049829c3acf45b19aba20.png,,제22대,31,,,,100022,,김동아
김문수.jpg,더불어민주당,,https://www.assembly.go.kr/static/portal/img/openassm/new/thumb/01cf2f6720564fc99c3de46ac3d1e95b.jpg,,제22대,32,,,,100022,,김문수
김미애.png,국민의힘,,https://www.assembly.go.kr/static/portal/img/openassm/new/thumb/c1a5f2ce1f3c439cbe027e15722925f9.png,,제22대,33,,,,100022,,김미애
김민석.jpg,더불어민주당,,https://www.assembly.go.kr/static/portal/img/openassm/new/thumb/fee10a80d81d435885696adb29a6eb41.jpg,,제22대,34,,,,100022,,김민석
김민전.jpg,국민의힘,,https://www.assembly.go.kr/static/portal/img/openassm/new/thumb/d856bf1d1b14476f84af3c07c1ea864e.jpg,,제22대,35,,,,100022,,김민전
김병기.jpg,더불어민주당,,https://www.assembly.go.kr/static/portal/img/openassm/new/thumb/c159f6cf2cdb4d418aeeb1849066a508.jpg,,제22대,36,,,,100022,,김병기
김병주.png,더불어민주당,,https://www.assembly.go.kr/static/portal/img/openassm/new/thumb/3d7108cf7a784f6ea042610f61c3e916.png,,제22대,37,,,,100022,,김병주
김상욱.jpg,더불어민주당,,https://www.assembly.go.kr/static/portal/img/openassm/new/thumb/e6e84b1e51d84bbbbcdaaf0884838479.jpg,,제22대,38,,,,100022,,김상욱
김상훈.jpg,국민의힘,,https://www.assembly.go.kr/static/portal/img/openassm/new/thumb/3c232b2892bb448f8d66df3661218621.jpg,,제22대,39,,,,100022,,김상훈
김석기.jpg,국민의힘,,https://www.assembly.go.kr/static/portal/img/openassm/new/thumb/e5a17e900d0e433bb13e351466729064.jpg,,제22대,40,,,,100022,,김석기
김선교.jpg,국민의힘,,https://www.assembly.go.kr/static/portal/img/openassm/new/thumb/c46ff6eaebc3441393b42d4e36d7a8c6.jpg,,제22대,41,,,,100022,,김선교
김선민.jpg,조국혁신당,,https://www.assembly.go.kr/static/portal/img/openassm/new/thumb/ae483328582e4add9e57312dfdd896a0.jpg,,제22대,42,,,,100022,,김선민
김성원.jpg,국민의힘,,https://www.assembly.go.kr/static/portal/img/openassm/new/thumb/0883fdfd169248c19f2311f26e1c2577.jpg,,제22대,43,,,,100022,,김성원
김성환.jpg,더불어민주당,,https://www.assembly.go.kr/static/portal/img/openassm/new/thumb/6785f4855ad44486979a01c25c6939ca.jpg,,제22대,44,,,,100022,,김성환
김성회.jpg,더불어민주당,,https://www.assembly.go.kr/static/portal/img/openassm/new/thumb/b263e390ed2a4a4ea6e789d7447c6093.jpg,,제22대,45,,,,100022,,김성회
김소희.png,국민의힘,,https://www.assembly.go.kr/static/portal/img/openassm/new/thumb/83b1ec78867e41e39d20d41d3a796f83.png,,제22대,46,,,,100022,,김소희
김승수.jpg,국민의힘,,https://www.assembly.go.kr/static/portal/img/openassm/new/thumb/ed6fa85a063842c59f5cfc4cca90eafb.jpg,,제22대,47,,,,100022,,김승수
김승원.jpg,더불어민주당,,https://www.assembly.go.kr/static/portal/img/openassm/new/thumb/06249610045b4c5487f9586046460423.jpg,,제22대,48,,,,100022,,김승원
김영배.jpg,더불어민주당,,https://www.assembly.go.kr/static/portal/img/openassm/new/thumb/c0f3221352c04fc1bb9b67d8342c75ff.jpg,,제22대,49,,,,100022,,김영배
김영진.jpg,더불어민주당,,https://www.assembly.go.kr/static/portal/img/openassm/new/thumb/4a532fc2b0bf46fd81d7d51ea73c61be.jpg,,제22대,50,,,,100022,,김영진
김영호.png,더불어민주당,,https://www.assembly.go.kr/static/portal/img/openassm/new/thumb/3567968cbf624c2a93cc299e39bee78f.png,,제22대,51,,,,100022,,김영호
김영환.png,더불어민주당,,https://www.assembly.go.kr/static/portal/img/openassm/new/thumb/8d40913b87064f63bc8f988579103d76.png,,제22대,52,,,,100022,,김영환
김예지.jpg,국민의힘,,https://www.assembly.go.kr/static/portal/img/openassm/new/thumb/61dedb2de45941fcb00c98ab36eedaac.jpg,,제22대,53,,,,100022,,김예지
김용만.png,더불어민주당,,https://www.assembly.go.kr/static/portal/img/openassm/new/thumb/06d58e54e7724b3a81f1a82eff0a40af.png,,제22대,54,,,,100022,,김용만
김용민.png,더불어민주당,,https://www.assembly.go.kr/static/portal/img/openassm/new/thumb/e8f8918e741b4ae9b72377d8ec299645.png,,제22대,55,,,,100022,,김용민
김용태.jpg,국민의힘,,https://www.assembly.go.kr/static/portal/img/openassm/new/thumb/ef99cb0a6cee471bb9769a46bc62c459.jpg,,제22대,56,,,,100022,,김용태
김우영.jpg,더불어민주당,,https://www.assembly.go.kr/static/portal/img/openassm/new/thumb/40b8f61bbb444b429d9fc87fe4dff506.jpg,,제22대,57,,,,100022,,김우영
김원이.jpg,더불어민주당,,https://www.assembly.go.kr/static/portal/img/openassm/new/thumb/dfa2409a04254cf0bdb4ad2f86092099.jpg,,제22대,58,,,,100022,,김원이
김위상.png,국민의힘,,https://www.assembly.go.kr/static/portal/img/openassm/new/thumb/3b0e41223e344b809f45b64084cde1af.png,,제22대,59,,,,100022,,김위상
김윤.jpg,더불어민주당,,https://www.assembly.go.kr/static/portal/img/openassm/new/thumb/e7f6c2e0d06240658849cb82b2e5960e.jpg,,제22대,60,,,,100022,,김윤
김윤덕.jpg,더불어민주당,,https://www.assembly.go.kr/static/portal/img/openassm/new/thumb/dea1db9948874498ad1aa3a24c7409a3.jpg,,제22대,61,,,,100022,,김윤덕
김은혜.jpg,국민의힘,,https://www.assembly.go.kr/static/portal/img/openassm/new/thumb/2d0fedee640c4683b571177b2f21e1c2.jpg,,제22대,62,,,,100022,,김은혜
김장겸.jpg,국민의힘,,https://www.assembly.go.kr/static/portal/img/openassm/new/thumb/51872f0dbc5948d0b7e94700969cf6ec.jpg,,제22대,63,,,,100022,,김장겸
김재섭.png,국민의힘,,https://www.assembly.go.kr/static/portal/img/openassm/new/thumb/4dda6952ecb54d03a2bfc80764322300.png,,제22대,64,,,,100022,,김재섭
김재원.png,조국혁신당,,https://www.assembly.go.kr/static/portal/img/openassm/new/thumb/180a8fbbf0154728b747efe1d19490eb.png,,제22대,65,,,,100022,,김재원
김정재.png,국민의힘,,https://www.assembly.go.kr/static/portal/img/openassm/new/thumb/82a52130b3cd42949f08c91c95b1bd54.png,,제22대,66,,,,100022,,김정재
김정호.png,더불어민주당,,https://www.assembly.go.kr/static/portal/img/openassm/new/thumb/7d6d00c690814834bdd1fb1c5905a5ef.png,,제22대,67,,,,100022,,김정호
김종민.png,무소속,,https://www.assembly.go.kr/static/portal/img/openassm/new/thumb/33a7a75a274846b7981941b4c5ea6971.png,,제22대,68,,,,100022,,김종민
김종양.jpg,국민의힘,,https://www.assembly.go.kr/static/portal/img/openassm/new/thumb/d552d62c9a174c3e95f785adaeb18ccf.jpg,,제22대,69,,,,100022,,김종양
김주영.jpg,더불어민주당,,https://www.assembly.go.kr/static/portal/img/openassm/new/thumb/a3a36296e15c4c2990676f4047e80a4b.jpg,,제22대,70,,,,100022,,김주영
김준혁.JPG,더불어민주당,,https://www.assembly.go.kr/static/portal/img/openassm/new/thumb/d2a9aad5f1d849aa91699672ace4586f.JPG,,제22대,71,,,,100022,,김준혁
김준형.jpg,조국혁신당,,https://www.assembly.go.kr/static/portal/img/openassm/new/thumb/7e2d7f243fdf4eaba8fb034549668444.jpg,,제22대,72,,,,100022,,김준형
김태년.jpg,더불어민주당,,https://www.assembly.go.kr/static/portal/img/openassm/new/thumb/f8d696606fc742ec87659bd32ff95ae6.jpg,,제22대,73,,,,100022,,김태년
김태선.jpg,더불어민주당,,https://www.assembly.go.kr/static/portal/img/openassm/new/thumb/dad545c45b274b35bf2e336bee9b68ed.jpg,,제22대,74,,,,100022,,김태선
김태호.png,국민의힘,,https://www.assembly.go.kr/static/portal/img/openassm/new/thumb/f400573a310e49048ac59ffe27438e82.png,,제22대,75,,,,100022,,김태호
김한규.jpg,더불어민주당,,https://www.assembly.go.kr/static/portal/img/openassm/new/thumb/c5607570161f4879b98311c104e21485.jpg,,제22대,76,,,,100022,,김한규
김현.jpg,더불어민주당,,https://www.assembly.go.kr/static/portal/img/openassm/new/thumb/1f184c9b9ef14a2b999ccf0c4fdd7870.jpg,,제22대,77,,,,100022,,김현
김현정.jpg,더불어민주당,,https://www.assembly.go.kr/static/portal/img/openassm/new/thumb/ae8a747324af42baac752128baa4b5bf.jpg,,제22대,78,,,,100022,,김현정
김형동.jpg,국민의힘,,https://www.assembly.go.kr/static/portal/img/openassm/new/thumb/a8666f5ad131416fb853f840dc4d66e6.jpg,,제22대,79,,,,100022,,김형동
김희정.jpg,국민의힘,,https://www.assembly.go.kr/static/portal/img/openassm/new/thumb/b30ba14b467a4303b40bdbceedfdc68c.jpg,,제22대,80,,,,100022,,김희정
나경원.png,국민의힘,,https://www.assembly.go.kr/static/portal/img/openassm/new/thumb/563d61a4466c42c8be2c4979c00e5060.png,,제22대,81,,,,100022,,나경원
남인순.jpg,더불어민주당,,https://www.assembly.go.kr/static/portal/img/openassm/new/thumb/b265059dddd24f329d9361e3d0f62e4e.jpg,,제22대,82,,,,100022,,남인순
노종면.jpg,더불어민주당,,https://www.assembly.go.kr/static/portal/img/openassm/new/thumb/4abfcdd3a1e84d28901c894e8c1189fe.jpg,,제22대,83,,,,100022,,노종면
맹성규.jpg,더불어민주당,,https://www.assembly.go.kr/static/portal/img/openassm/new/thumb/250f36e411ab4b34bf0eb7fcadfbadf7.jpg,,제22대,84,,,,100022,,맹성규
모경종.jpg,더불어민주당,,https://www.assembly.go.kr/static/portal/img/openassm/new/thumb/776af614628b4030a71734c4634c639e.jpg,,제22대,85,,,,100022,,모경종
문금주.jpg,더불어민주당,,https://www.assembly.go.kr/static/portal/img/openassm/new/thumb/e1710b2722c74ea79c98bdc53e0425ad.jpg,,제22대,86,,,,100022,,문금주
문대림.jpg,더불어민주당,,https://www.assembly.go.kr/static/portal/img/openassm/new/thumb/5c44086f31074ae99db902a7fcb4712a.jpg,,제22대,87,,,,100022,,문대림
문정복.png,더불어민주당,,https://www.assembly.go.kr/static/portal/img/openassm/new/thumb/20e051935a914f069c35c6e00dc22d70.png,,제22대,88,,,,100022,,문정복
문진석.jpg,더불어민주당,,https://www.assembly.go.kr/static/portal/img/openassm/new/thumb/81cfd832d09349ba95e28a111b700bfc.jpg,,제22대,89,,,,100022,,문진석
민병덕.jpg,더불어민주당,,https://www.assembly.go.kr/static/portal/img/openassm/new/thumb/79413446d5564edd90faa2a1b279f9e8.jpg,,제22대,90,,,,100022,,민병덕
민형배.png,더불어민주당,,https://www.assembly.go.kr/static/portal/img/openassm/new/thumb/d8e518134ac540cc8f68fa4655e351df.png,,제22대,91,,,,100022,,민형배
민홍철.jpg,더불어민주당,,https://www.assembly.go.kr/static/portal/img/openassm/new/thumb/1f07bdf68cd4426d9922e933e8647783.jpg,,제22대,92,,,,100022,,민홍철
박균택.jpg,더불어민주당,,https://www.assembly.go.kr/static/portal/img/openassm/new/thumb/1fc1ffba74a04538b306849f153a42dd.jpg,,제22대,93,,,,100022,,박균택
박대출.png,국민의힘,,https://www.assembly.go.kr/static/portal/img/openassm/new/thumb/8abadb32da7241088899ad56720b57e1.png,,제22대,94,,,,100022,,박대출
박덕흠.jpg,국민의힘,,https://www.assembly.go.kr/static/portal/img/openassm/new/thumb/ad05c3a202f641aca68b663b1fe9c36b.jpg,,제22대,95,,,,100022,,박덕흠
박민규.png,더불어민주당,,https://www.assembly.go.kr/static/portal/img/openassm/new/thumb/2c226f9600c64c52b8bfeee6b8f2eedd.png,,제22대,96,,,,100022,,박민규
박범계.png,더불어민주당,,https://www.assembly.go.kr/static/portal/img/openassm/new/thumb/7eee4819fa59498b8797a0551bec7056.png,,제22대,97,,,,100022,,박범계
박상웅.jpg,국민의힘,,https://www.assembly.go.kr/static/portal/img/openassm/new/thumb/8547330068044169b78f59594e3e4076.jpg,,제22대,98,,,,100022,,박상웅
박상혁.jpg,더불어민주당,,https://www.assembly.go.kr/static/portal/img/openassm/new/thumb/963e0c49236e4f5a83fb777e6225456b.jpg,,제22대,99,,,,100022,,박상혁
박선원.png,더불어민주당,,https://www.assembly.go.kr/static/portal/img/openassm/new/thumb/107f88df05484eaeaf4fdcbb158b1221.png,,제22대,100,,,,100022,,박선원
박성민.png,국민의힘,,https://www.assembly.go.kr/static/portal/img/openassm/new/thumb/be7cbbb1752146ae809622d1e3da80d4.png,,제22대,101,,,,100022,,박성민
박성준.png,더불어민주당,,https://www.assembly.go.kr/static/portal/img/openassm/new/thumb/519d508d60414f3bb2a4d8a578db1534.png,,제22대,102,,,,100022,,박성준
박성훈.png,국민의힘,,https://www.assembly.go.kr/static/portal/img/openassm/new/thumb/6b196b02e4744aeebe20983e2f9ad5b8.png,,제22대,103,,,,100022,,박성훈
박수민.jpg,국민의힘,,https://www.assembly.go.kr/static/portal/img/openassm/new/thumb/9ad8cb999cab47f6b28aa03733c969d0.jpg,,제22대,104,,,,100022,,박수민
박수영.png,국민의힘,,https://www.assembly.go.kr/static/portal/img/openassm/new/thumb/ada2071b2a3345ef86191fe5618bdf83.png,,제22대,105,,,,100022,,박수영
박수현.png,더불어민주당,,https://www.assembly.go.kr/static/portal/img/openassm/new/thumb/fce62d1303d84cbbb2a7bec9417b91ff.png,,제22대,106,,,,100022,,박수현
박용갑.jpg,더불어민주당,,https://www.assembly.go.kr/static/portal/img/openassm/new/thumb/61ae3968052447c2b150bca49ff6aa7f.jpg,,제22대,107,,,,100022,,박용갑
박은정.jpg,조국혁신당,,https://www.assembly.go.kr/static/portal/img/openassm/new/thumb/b033dfb3a2f44e27a4906549e989ae47.jpg,,제22대,108,,,,100022,,박은정
박정.jpg,더불어민주당,,https://www.assembly.go.kr/static/portal/img/openassm/new/thumb/152aafe19d524e949398c1807d54fc7a.jpg,,제22대,109,,,,100022,,박정
박정하.jpg,국민의힘,,https://www.assembly.go.kr/static/portal/img/openassm/new/thumb/7f00916d90f54cac993195490511242b.jpg,,제22대,110,,,,100022,,박정하
박정현.jpg,더불어민주당,,https://www.assembly.go.kr/static/portal/img/openassm/new/thumb/b04cd2781caa4dfab09e5cd6442c7774.jpg,,제22대,111,,,,100022,,박정현
박정훈.jpg,국민의힘,,https://www.assembly.go.kr/static/portal/img/openassm/new/thumb/2933458ec5044bdeb30564f216848655.jpg,,제22대,112,,,,100022,,박정훈
박주민.png,더불어민주당,,https://www.assembly.go.kr/static/portal/img/openassm/new/thumb/4e926bae67ad43a6a87ad68da8d0c0fe.png,,제22대,113,,,,100022,,박주민
박준태.png,국민의힘,,https://www.assembly.go.kr/static/portal/img/openassm/new/thumb/689958442da64be4b0a1aaeb2003038a.png,,제22대,114,,,,100022,,박준태
박지원.png,더불어민주당,,https://www.assembly.go.kr/static/portal/img/openassm/new/thumb/d56ba73af8fc481bbad0165c9ed6fbe2.png,,제22대,115,,,,100022,,박지원
박지혜.jpg,더불어민주당,,https://www.assembly.go.kr/static/portal/img/openassm/new/thumb/232e4610e5ac40a19ad9402138d3c861.jpg,,제22대,116,,,,100022,,박지혜
박찬대.png,더불어민주당,,https://www.assembly.go.kr/static/portal/img/openassm/new/thumb/df6098be66f542dea93990a7745f239c.png,,제22대,117,,,,100022,,박찬대
박충권.jpg,국민의힘,,https://www.assembly.go.kr/static/portal/img/openassm/new/thumb/b51683ab9a42410bbf52570a33ca2c48.jpg,,제22대,118,,,,100022,,박충권
박해철.jpg,더불어민주당,,https://www.assembly.go.kr/static/portal/img/openassm/new/thumb/e05f6f3cbcab4c9aab8d0080cbbafb0f.jpg,,제22대,119,,,,100022,,박해철
박형수.jpg,국민의힘,,https://www.assembly.go.kr/static/portal/img/openassm/new/thumb/45a932e98e3545108741802f7193bf09.jpg,,제22대,120,,,,100022,,박형수
박홍근.png,더불어민주당,,https://www.assembly.go.kr/static/portal/img/openassm/new/thumb/a89c83870d3e4e9daba17c809e11ffd7.png,,제22대,121,,,,100022,,박홍근
박홍배.jpg,더불어민주당,,https://www.assembly.go.kr/static/portal/img/openassm/new/thumb/cdaf530a93c04f1cb5cb4795fa2cdc5e.jpg,,제22대,122,,,,100022,,박홍배
박희승.jpg,더불어민주당,,https://www.assembly.go.kr/static/portal/img/openassm/new/thumb/bf9aa018b72e42a5a91c90fc4c70c626.jpg,,제22대,123,,,,100022,,박희승
배준영.png,국민의힘,,https://www.assembly.go.kr/static/portal/img/openassm/new/thumb/c0680ca1b0ca410191f6597484db924f.png,,제22대,124,,,,100022,,배준영
배현진.png,국민의힘,,https://www.assembly.go.kr/static/portal/img/openassm/new/thumb/fc08975adb724900bfacc85909c69d02.png,,제22대,125,,,,100022,,배현진
백선희.jpg,조국혁신당,,https://www.assembly.go.kr/static/portal/img/openassm/new/thumb/446b8aed67c64e6097539b99b0eb97a7.jpg,,제22대,126,,,,100022,,백선희
백승아.png,더불어민주당,,https://www.assembly.go.kr/static/portal/img/openassm/new/thumb/82158c1c40eb4ce49cdcac02d8768457.png,,제22대,127,,,,100022,,백승아
백종헌.jpg,국민의힘,,https://www.assembly.go.kr/static/portal/img/openassm/new/thumb/335e79371cec41a7991431788b9fead9.jpg,,제22대,128,,,,100022,,백종헌
백혜련.jpg,더불어민주당,,https://www.assembly.go.kr/static/portal/img/openassm/new/thumb/968e99ee8f8b4b6e9d4ce7eb16a92864.jpg,,제22대,129,,,,100022,,백혜련
복기왕.png,더불어민주당,,https://www.assembly.go.kr/static/portal/img/openassm/new/thumb/3ac9053137f440a69ea0aa559fa65933.png,,제22대,130,,,,100022,,복기왕
부승찬.jpg,더불어민주당,,https://www.assembly.go.kr/static/portal/img/openassm/new/thumb/cad33fb09aa749e7961c0f67a6c6bbb9.jpg,,제22대,131,,,,100022,,부승찬
서명옥.jpg,국민의힘,,https://www.assembly.go.kr/static/portal/img/openassm/new/thumb/6dce07c39f264381aeba58b69c846cd0.jpg,,제22대,132,,,,100022,,서명옥
서미화.jpg,더불어민주당,,https://www.assembly.go.kr/static/portal/img/openassm/new/thumb/0694f551f21c40b2a4bbccd2e90ce40c.jpg,,제22대,133,,,,100022,,서미화
서범수.jpg,국민의힘,,https://www.assembly.go.kr/static/portal/img/openassm/new/thumb/dc9bc21d63ef4cd5968a27eadd34e0f6.jpg,,제22대,134,,,,100022,,서범수
서삼석.jpg,더불어민주당,,https://www.assembly.go.kr/static/portal/img/openassm/new/thumb/3733addd041f4802ade12300546171b1.jpg,,제22대,135,,,,100022,,서삼석
서영교.jpg,더불어민주당,,https://www.assembly.go.kr/static/portal/img/openassm/new/thumb/c061e90cf359465fa1408c443a4a7857.jpg,,제22대,136,,,,100022,,서영교
서영석.jpg,더불어민주당,,https://www.assembly.go.kr/static/portal/img/openassm/new/thumb/bdf94a0756144b4a9ff6e71eb8bed16e.jpg,,제22대,137,,,,100022,,서영석
서왕진.jpg,조국혁신당,,https://www.assembly.go.kr/static/portal/img/openassm/new/thumb/e1f391e91c644541ab6208a90e78daaa.jpg,,제22대,138,,,,100022,,서왕진
서일준.jpg,국민의힘,,https://www.assembly.go.kr/static/portal/img/openassm/new/thumb/fcbf1b4b1aa24151a28e85b4d190291c.jpg,,제22대,139,,,,100022,,서일준
서지영.png,국민의힘,,https://www.assembly.go.kr/static/portal/img/openassm/new/thumb/a7e0edac99dd4fb89cbbc8bec657f222.png,,제22대,140,,,,100022,,서지영
서천호.jpg,국민의힘,,https://www.assembly.go.kr/static/portal/img/openassm/new/thumb/45d0d0758d9b4e1e8e2b86434770e2fc.jpg,,제22대,141,,,,100022,,서천호
성일종.jpg,국민의힘,,https://www.assembly.go.kr/static/portal/img/openassm/new/thumb/8ac7d150f3434b12a31e2d441beea36c.jpg,,제22대,142,,,,100022,,성일종
소병훈.jpg,더불어민주당,,https://www.assembly.go.kr/static/portal/img/openassm/new/thumb/a8512c3a87fe463c9d063ecb7a34680c.jpg,,제22대,143,,,,100022,,소병훈
손명수.jpg,더불어민주당,,https://www.assembly.go.kr/static/portal/img/openassm/new/thumb/e8f39b502c4f4c92924909bebebd123e.jpg,,제22대,144,,,,100022,,손명수
송기헌.png,더불어민주당,,https://www.assembly.go.kr/static/portal/img/openassm/new/thumb/02f408aec61446c0b0459b5bdffa4893.png,,제22대,145,,,,100022,,송기헌
송석준.png,국민의힘,,https://www.assembly.go.kr/static/portal/img/openassm/new/thumb/21eedc628d844950876d6cdb52a5988a.png,,제22대,146,,,,100022,,송석준
송언석.JPG,국민의힘,,https://www.assembly.go.kr/static/portal/img/openassm/new/thumb/b3c309f7dfd34dd486d7f60acfcd3254.JPG,,제22대,147,,,,100022,,송언석
송옥주.jpg,더불어민주당,,https://www.assembly.go.kr/static/portal/img/openassm/new/thumb/93e541edffd440d6b5ee9a683b5342ae.jpg,,제22대,148,,,,100022,,송옥주
송재봉.jpg,더불어민주당,,https://www.assembly.go.kr/static/portal/img/openassm/new/thumb/1b5dc3ccbeee45bdb053ba17a4f11bb3.jpg,,제22대,149,,,,100022,,송재봉
신동욱.jpg,국민의힘,,https://www.assembly.go.kr/static/portal/img/openassm/new/thumb/bef0ced14c4241cbbc5181e2bc9805ef.jpg,,제22대,150,,,,100022,,신동욱
신성범.jpg,국민의힘,,https://www.assembly.go.kr/static/portal/img/openassm/new/thumb/90ebb7eaa3a648f5a96eea2037be33bf.jpg,,제22대,151,,,,100022,,신성범
신영대.jpg,더불어민주당,,https://www.assembly.go.kr/static/portal/img/openassm/new/thumb/b06af2e0eb5947e6ae7bb416bfb0b677.jpg,,제22대,152,,,,100022,,신영대
신장식.jpg,조국혁신당,,https://www.assembly.go.kr/static/portal/img/openassm/new/thumb/b7e182c9e46d4c1d9cb850a67bb8706b.jpg,,제22대,153,,,,100022,,신장식
신정훈.jpg,더불어민주당,,https://www.assembly.go.kr/static/portal/img/openassm/new/thumb/c5cd673d75bd44bc9a7ab580f39eb663.jpg,,제22대,154,,,,100022,,신정훈
안규백.jpg,더불어민주당,,https://www.assembly.go.kr/static/portal/img/openassm/new/thumb/2693865ca1a74cc2af5dc21a27502a30.jpg,,제22대,155,,,,100022,,안규백
안도걸.png,더불어민주당,,https://www.assembly.go.kr/static/portal/img/openassm/new/thumb/56e742cc39304aad9ff06ad5490cc084.png,,제22대,156,,,,100022,,안도걸
안상훈.png,국민의힘,,https://www.assembly.go.kr/static/portal/img/openassm/new/thumb/ba1a4675a60a42d8ad14b64f5f35a93c.png,,제22대,157,,,,100022,,안상훈
안철수.jpg,국민의힘,,https://www.assembly.go.kr/static/portal/img/openassm/new/thumb/e9f57c2b700c44c0845665b068385524.jpg,,제22대,158,,,,100022,,안철수
안태준.png,더불어민주당,,https://www.assembly.go.kr/static/portal/img/openassm/new/thumb/0745032e5c7446fb83356bd42431f3a2.png,,제22대,159,,,,100022,,안태준
안호영.png,더불어민주당,,https://www.assembly.go.kr/static/portal/img/openassm/new/thumb/1fe2778d67b2471897c5cc387b440f78.png,,제22대,160,,,,100022,,안호영
양문석.png,더불어민주당,,https://www.assembly.go.kr/static/portal/img/openassm/new/thumb/d998c51131e74bd189b37209e57182f7.png,,제22대,161,,,,100022,,양문석
양부남.png,더불어민주당,,https://www.assembly.go.kr/static/portal/img/openassm/new/thumb/ad5f325b02c94cc6b30b15196c1ad19c.png,,제22대,162,,,,100022,,양부남
어기구.jpg,더불어민주당,,https://www.assembly.go.kr/static/portal/img/openassm/new/thumb/11132cfead5b4e7abbbf2021ab37033c.jpg,,제22대,163,,,,100022,,어기구
엄태영.png,국민의힘,,https://www.assembly.go.kr/static/portal/img/openassm/new/thumb/1c796117e6084fc0b8d6b5ee4e44c077.png,,제22대,164,,,,100022,,엄태영
염태영.png,더불어민주당,,https://www.assembly.go.kr/static/portal/img/openassm/new/thumb/62507d5c8b1a48958d932ba76476a7a1.png,,제22대,165,,,,100022,,염태영
오기형.jpg,더불어민주당,,https://www.assembly.go.kr/static/portal/img/openassm/new/thumb/d1e20e55ce3d4ab3b4fce9b81cbf2989.jpg,,제22대,166,,,,100022,,오기형
오세희.jpg,더불어민주당,,https://www.assembly.go.kr/static/portal/img/openassm/new/thumb/f374af5fdfe546718cc68366865be7df.jpg,,제22대,167,,,,100022,,오세희
용혜인.png,기본소득당,,https://www.assembly.go.kr/static/portal/img/openassm/new/thumb/b71fbe23a11d45a9935a24fcfac4447b.png,,제22대,168,,,,100022,,용혜인
우원식.png,무소속,,https://www.assembly.go.kr/static/portal/img/openassm/new/thumb/3fd6bfb1196144ea9282aac6e4eaf5ef.png,,제22대,169,,,,100022,,우원식
우재준.png,국민의힘,,https://www.assembly.go.kr/static/portal/img/openassm/new/thumb/2ef1338017ed47cfb9106a90b6262bd7.png,,제22대,170,,,,100022,,우재준
위성곤.jpg,더불어민주당,,https://www.assembly.go.kr/static/portal/img/openassm/new/thumb/26841957c287473db75fad6182189804.jpg,,제22대,171,,,,100022,,위성곤
위성락.jpg,더불어민주당,,https://www.assembly.go.kr/static/portal/img/openassm/new/thumb/fa235af0e8f0474bac05ec0d186fabd4.jpg,,제22대,172,,,,100022,,위성락
유동수.png,더불어민주당,,https://www.assembly.go.kr/static/portal/img/openassm/new/thumb/a3a3255943634cd6ade1fa08d7e19144.png,,제22대,173,,,,100022,,유동수
유상범.jpg,국민의힘,,https://www.assembly.go.kr/static/portal/img/openassm/new/thumb/9d4701db5dcd4eafa39d36c1dbc44e47.jpg,,제22대,174,,,,100022,,유상범
유영하.jpg,국민의힘,,https://www.assembly.go.kr/static/portal/img/openassm/new/thumb/c9167def76344dcd88bcfd20df8af621.jpg,,제22대,175,,,,100022,,유영하
유용원.jpg,국민의힘,,https://www.assembly.go.kr/static/portal/img/openassm/new/thumb/b031714b64d9427ea119a6225c44bf1c.jpg,,제22대,176,,,,100022,,유용원
윤건영.jpg,더불어민주당,,https://www.assembly.go.kr/static/portal/img/openassm/new/thumb/86149364515f47e0a4b1cdeaec6f19ca.jpg,,제22대,177,,,,100022,,윤건영
윤상현.png,국민의힘,,https://www.assembly.go.kr/static/portal/img/openassm/new/thumb/c55454347242441c9e75c5058f829b06.png,,제22대,178,,,,100022,,윤상현
윤영석.jpg,국민의힘,,https://www.assembly.go.kr/static/portal/img/openassm/new/thumb/cb71903baa8340718ea02ae96cd6a25f.jpg,,제22대,179,,,,100022,,윤영석
윤재옥.png,국민의힘,,https://www.assembly.go.kr/static/portal/img/openassm/new/thumb/d29bdfffbe0f4525ad4b74fa9b5482e5.png,,제22대,180,,,,100022,,윤재옥
윤종군.jpg,더불어민주당,,https://www.assembly.go.kr/static/portal/img/openassm/new/thumb/5832f8756f2d42289e17a614cbf3728a.jpg,,제22대,181,,,,100022,,윤종군
윤종오.png,진보당,,https://www.assembly.go.kr/static/portal/img/openassm/new/thumb/4cc7cc8814354a4b85dde1c745f33b1c.png,,제22대,182,,,,100022,,윤종오
윤준병.jpg,더불어민주당,,https://www.assembly.go.kr/static/portal/img/openassm/new/thumb/8a8c40f46a47462ba0708e6c6ee8053f.jpg,,제22대,183,,,,100022,,윤준병
윤한홍.jpg,국민의힘,,https://www.assembly.go.kr/static/portal/img/openassm/new/thumb/d175dc8a752d47059aa74a230ee93a5c.jpg,,제22대,184,,,,100022,,윤한홍
윤호중.png,더불어민주당,,https://www.assembly.go.kr/static/portal/img/openassm/new/thumb/a474780e3fb144e18a389ec50b76f694.png,,제22대,185,,,,100022,,윤호중
윤후덕.jpg,더불어민주당,,https://www.assembly.go.kr/static/portal/img/openassm/new/thumb/15cc6211fcf0401ea3a77571f888838e.jpg,,제22대,186,,,,100022,,윤후덕
이강일.jpg,더불어민주당,,https://www.assembly.go.kr/static/portal/img/openassm/new/thumb/5bc4b439fc4146bf9014462d61d3625c.jpg,,제22대,187,,,,100022,,이강일
이개호.png,더불어민주당,,https://www.assembly.go.kr/static/portal/img/openassm/new/thumb/ece4aba7a7854848b574f9334278b58c.png,,제22대,188,,,,100022,,이개호
이건태.jpg,더불어민주당,,https://www.assembly.go.kr/static/portal/img/openassm/new/thumb/7355806cdad64eed8888ef6a17886585.jpg,,제22대,189,,,,100022,,이건태
이광희.jpg,더불어민주당,,https://www.assembly.go.kr/static/portal/img/openassm/new/thumb/15418961bc6146379f22d5d43443a1a3.jpg,,제22대,190,,,,100022,,이광희
이기헌.jpg,더불어민주당,,https://www.assembly.go.kr/static/portal/img/openassm/new/thumb/d73911ce9f2247269b2f64c0c74c08d3.jpg,,제22대,191,,,,100022,,이기헌
이달희.png,국민의힘,,https://www.assembly.go.kr/static/portal/img/openassm/new/thumb/65be51449b5f4f8fb007b5bf0f9bd3e2.png,,제22대,192,,,,100022,,이달희
이만희.jpg,국민의힘,,https://www.assembly.go.kr/static/portal/img/openassm/new/thumb/408f525c91fc4e93aa0c766707a7d120.jpg,,제22대,193,,,,100022,,이만희
이병진.png,더불어민주당,,https://www.assembly.go.kr/static/portal/img/openassm/new/thumb/75e68866e71a4147a8549f75e1bffb98.png,,제22대,194,,,,100022,,이병진
이상식.png,더불어민주당,,https://www.assembly.go.kr/static/portal/img/openassm/new/thumb/1e8f242b4d9043058290c44dc7f92160.png,,제22대,195,,,,100022,,이상식
이상휘.jpg,국민의힘,,https://www.assembly.go.kr/static/portal/img/openassm/new/thumb/a0d11eb1900441c29295d0e659f43833.jpg,,제22대,196,,,,100022,,이상휘
이성권.jpg,국민의힘,,https://www.assembly.go.kr/static/portal/img/openassm/new/thumb/78f2eb1e7469435fa4460db98d0d2b0f.jpg,,제22대,197,,,,100022,,이성권
이성윤.jpg,더불어민주당,,https://www.assembly.go.kr/static/portal/img/openassm/new/thumb/31ee06a90e3e4064bc93690c998a9e78.jpg,,제22대,198,,,,100022,,이성윤
이소영.jpg,더불어민주당,,https://www.assembly.go.kr/static/portal/img/openassm/new/thumb/ecb476c1bd0747d8b310964db044aa9f.jpg,,제22대,199,,,,100022,,이소영
이수진.jpg,더불어민주당,,https://www.assembly.go.kr/static/portal/img/openassm/new/thumb/813a596915cc475d89c50722ce5764bc.jpg,,제22대,200,,,,100022,,이수진
이양수.jpg,국민의힘,,https://www.assembly.go.kr/static/portal/img/openassm/new/thumb/1496a4de2b2e4a4fb86597cef973a4a3.jpg,,제22대,201,,,,100022,,이양수
이언주.jpg,더불어민주당,,https://www.assembly.go.kr/static/portal/img/openassm/new/thumb/42ba0380cb4b42e9aee97f945ba89dd1.jpg,,제22대,202,,,,100022,,이언주
이연희.jpg,더불어민주당,,https://www.assembly.go.kr/static/portal/img/openassm/new/thumb/2ec212451ed942b599bdb9d786e2fa17.jpg,,제22대,203,,,,100022,,이연희
이용선.jpg,더불어민주당,,https://www.assembly.go.kr/static/portal/img/openassm/new/thumb/79cbe48e3fa3484fa90f07d64d3f638b.jpg,,제22대,204,,,,100022,,이용선
이용우.png,더불어민주당,,https://www.assembly.go.kr/static/portal/img/openassm/new/thumb/25f7c40715b44561b1d8662afca0ed64.png,,제22대,205,,,,100022,,이용우
이원택.png,더불어민주당,,https://www.assembly.go.kr/static/portal/img/openassm/new/thumb/a5f99566188b43f090743efb17723e74.png,,제22대,206,,,,100022,,이원택
이인선.jpg,국민의힘,,https://www.assembly.go.kr/static/portal/img/openassm/new/thumb/f7214149825143218b24268f4de14974.jpg,,제22대,207,,,,100022,,이인선
이인영.png,더불어민주당,,https://www.assembly.go.kr/static/portal/img/openassm/new/thumb/b84f1139ee484de5a94962ac9bcff09b.png,,제22대,208,,,,100022,,이인영
이재강.png,더불어민주당,,https://www.assembly.go.kr/static/portal/img/openassm/new/thumb/70bed9c0e202428fa3a36fb86c6d5398.png,,제22대,209,,,,100022,,이재강
이재관.jpg,더불어민주당,,https://www.assembly.go.kr/static/portal/img/openassm/new/thumb/441f4017e95540d88bb05df0b767e7cd.jpg,,제22대,210,,,,100022,,이재관
이재명.jpg,더불어민주당,,https://www.assembly.go.kr/static/portal/img/openassm/new/thumb/5818b9e7f28840b3a82ddb4c77a0be23.jpg,,제22대,211,,,,100022,,이재명
이재정.png,더불어민주당,,https://www.assembly.go.kr/static/portal/img/openassm/new/thumb/d2583bbfba324a87b5b0e112316e16b8.png,,제22대,212,,,,100022,,이재정
이정문.png,더불어민주당,,https://www.assembly.go.kr/static/portal/img/openassm/new/thumb/e9e80a7f853440fbae403bdc797d44fe.png,,제22대,213,,,,100022,,이정문
이정헌.png,더불어민주당,,https://www.assembly.go.kr/static/portal/img/openassm/new/thumb/7c68150569c741f79fd55986f59991b1.png,,제22대,214,,,,100022,,이정헌
이종배.png,국민의힘,,https://www.assembly.go.kr/static/portal/img/openassm/new/thumb/1a333609d12f4175be43c95f32c57886.png,,제22대,215,,,,100022,,이종배
이종욱.png,국민의힘,,https://www.assembly.go.kr/static/portal/img/openassm/new/thumb/28fa12120325440fbd63d9953bcfa03f.png,,제22대,216,,,,100022,,이종욱
이주영.jpg,개혁신당,,https://www.assembly.go.kr/static/portal/img/openassm/new/thumb/7ef5ba97fc634bb3a522cae7dc53fc0c.jpg,,제22대,217,,,,100022,,이주영
이준석.jpg,개혁신당,,https://www.assembly.go.kr/static/portal/img/openassm/new/thumb/f150e375dc4a4a05b0c99ae1a313b432.jpg,,제22대,218,,,,100022,,이준석
이철규.jpg,국민의힘,,https://www.assembly.go.kr/static/portal/img/openassm/new/thumb/605672fb126e40f5af71254fa546f3cd.jpg,,제22대,219,,,,100022,,이철규
이춘석.jpg,더불어민주당,,https://www.assembly.go.kr/static/portal/img/openassm/new/thumb/d4c21d5cd5284c7583908d8c7692aec6.jpg,,제22대,220,,,,100022,,이춘석
이학영.png,더불어민주당,,https://www.assembly.go.kr/static/portal/img/openassm/new/thumb/ef7ee584293c4134b263ebfc7cbf4a2d.png,,제22대,221,,,,100022,,이학영
이해민.png,조국혁신당,,https://www.assembly.go.kr/static/portal/img/openassm/new/thumb/daea8ffe45ce4baca4b3ddabd5967322.png,,제22대,222,,,,100022,,이해민
이해식.jpg,더불어민주당,,https://www.assembly.go.kr/static/portal/img/openassm/new/thumb/931541823bd142f090e3b63461bbe976.jpg,,제22대,223,,,,100022,,이해식
이헌승.jpg,국민의힘,,https://www.assembly.go.kr/static/portal/img/openassm/new/thumb/e850e8db958c416bb749d3a5c77c55ae.jpg,,제22대,224,,,,100022,,이헌승
이훈기.jpg,더불어민주당,,https://www.assembly.go.kr/static/portal/img/openassm/new/thumb/ece0e563880b4537a847dd2a22a9a478.jpg,,제22대,225,,,,100022,,이훈기
인요한.png,국민의힘,,https://www.assembly.go.kr/static/portal/img/openassm/new/thumb/ee1d406c077b4690895ca3fd508428e9.png,,제22대,226,,,,100022,,인요한
임광현.jpg,더불어민주당,,https://www.assembly.go.kr/static/portal/img/openassm/new/thumb/2738058abca64c299bac3220864e4d70.jpg,,제22대,227,,,,100022,,임광현
임미애.png,더불어민주당,,https://www.assembly.go.kr/static/portal/img/openassm/new/thumb/7181892839544a728a62343111231bf7.png,,제22대,228,,,,100022,,임미애
임오경.jpg,더불어민주당,,https://www.assembly.go.kr/static/portal/img/openassm/new/thumb/ccf42d7a80b54c5f86bc3f9dcd544a99.jpg,,제22대,229,,,,100022,,임오경
임이자.png,국민의힘,,https://www.assembly.go.kr/static/portal/img/openassm/new/thumb/c7818d8fbee2421b93382a592e6f096e.png,,제22대,230,,,,100022,,임이자
임종득.jpg,국민의힘,,https://www.assembly.go.kr/static/portal/img/openassm/new/thumb/2428b9f1f3534b0fa71adf578e168d6c.jpg,,제22대,231,,,,100022,,임종득
임호선.png,더불어민주당,,https://www.assembly.go.kr/static/portal/img/openassm/new/thumb/0bb103b226db4ab6945d9108ccd4d72d.png,,제22대,232,,,,100022,,임호선
장경태.jpg,더불어민주당,,https://www.assembly.go.kr/static/portal/img/openassm/new/thumb/efaef493a77043fd87f6c3ef1077bafd.jpg,,제22대,233,,,,100022,,장경태
장동혁.png,국민의힘,,https://www.assembly.go.kr/static/portal/img/openassm/new/thumb/b2f14aea45064028b066431bce8d2d54.png,,제22대,234,,,,100022,,장동혁
장종태.jpg,더불어민주당,,https://www.assembly.go.kr/static/portal/img/openassm/new/thumb/d8a1c67d7d8245e9bfe3cd037c809e49.jpg,,제22대,235,,,,100022,,장종태
장철민.jpg,더불어민주당,,https://www.assembly.go.kr/static/portal/img/openassm/new/thumb/e37f006d030a4d14b04f17a0de512540.jpg,,제22대,236,,,,100022,,장철민
전용기.png,더불어민주당,,https://www.assembly.go.kr/static/portal/img/openassm/new/thumb/7ebec69fa93042139121370390887458.png,,제22대,237,,,,100022,,전용기
전재수.jpg,더불어민주당,,https://www.assembly.go.kr/static/portal/img/openassm/new/thumb/98a995d70d4c4c7381d92d701f67ee97.jpg,,제22대,238,,,,100022,,전재수
전종덕.png,진보당,,https://www.assembly.go.kr/static/portal/img/openassm/new/thumb/03451d7c87ab45a79b703e74ab36cfa3.png,,제22대,239,,,,100022,,전종덕
전진숙.jpg,더불어민주당,,https://www.assembly.go.kr/static/portal/img/openassm/new/thumb/96be0f17dc92446d9570067f9b664a5a.jpg,,제22대,240,,,,100022,,전진숙
전현희.png,더불어민주당,,https://www.assembly.go.kr/static/portal/img/openassm/new/thumb/4096501555d84d9bb2ac94a9597498a8.png,,제22대,241,,,,100022,,전현희
정동만.jpg,국민의힘,,https://www.assembly.go.kr/static/portal/img/openassm/new/thumb/7ea90a4995764320b80842a02f9c1220.jpg,,제22대,242,,,,100022,,정동만
정동영.jpg,더불어민주당,,https://www.assembly.go.kr/static/portal/img/openassm/new/thumb/bb0a35a469a74d5a87def681be164353.jpg,,제22대,243,,,,100022,,정동영
정성국.jpg,국민의힘,,https://www.assembly.go.kr/static/portal/img/openassm/new/thumb/a02c8dbf04f44c91a1ef88b432f9e220.jpg,,제22대,244,,,,100022,,정성국
정성호.jpg,더불어민주당,,https://www.assembly.go.kr/static/portal/img/openassm/new/thumb/9f5c026063fb44a6b8d81ccd0f9a7ac3.jpg,,제22대,245,,,,100022,,정성호
정연욱.jpg,국민의힘,,https://www.assembly.go.kr/static/portal/img/openassm/new/thumb/d43e70cb8c88464e95f82b0f28a4ac5e.jpg,,제22대,246,,,,100022,,정연욱
정을호.jpg,더불어민주당,,https://www.assembly.go.kr/static/portal/img/openassm/new/thumb/7a58cc1fd8ef499c82bb7bff4ac5fc2a.jpg,,제22대,247,,,,100022,,정을호
정일영.jpg,더불어민주당,,https://www.assembly.go.kr/static/portal/img/openassm/new/thumb/e1dca300e9d74ec0a5dfaca85efdfe61.jpg,,제22대,248,,,,100022,,정일영
정점식.jpg,국민의힘,,https://www.assembly.go.kr/static/portal/img/openassm/new/thumb/a50392c4f73b4699bed10d70dccf5ae2.jpg,,제22대,249,,,,100022,,정점식
정준호.png,더불어민주당,,https://www.assembly.go.kr/static/portal/img/openassm/new/thumb/6512064ea8134ead84f060a0dc3268e7.png,,제22대,250,,,,100022,,정준호
정진욱.jpg,더불어민주당,,https://www.assembly.go.kr/static/portal/img/openassm/new/thumb/67b4125f7c1443eabf80267dcb82e2e9.jpg,,제22대,251,,,,100022,,정진욱
정청래.jpg,더불어민주당,,https://www.assembly.go.kr/static/portal/img/openassm/new/thumb/9f6decd03010411db7bf51e526fbf348.jpg,,제22대,252,,,,100022,,정청래
정춘생.jpg,조국혁신당,,https://www.assembly.go.kr/static/portal/img/openassm/new/thumb/69ac62e637b447b6a7ada23613cb4193.jpg,,제22대,253,,,,100022,,정춘생
정태호.png,더불어민주당,,https://www.assembly.go.kr/static/portal/img/openassm/new/thumb/4102e3f5e32448a890f3f213bc0976ae.png,,제22대,254,,,,100022,,정태호
정혜경.jpg,진보당,,https://www.assembly.go.kr/static/portal/img/openassm/new/thumb/dbc3197b176d43c09990b99c8f17752c.jpg,,제22대,255,,,,100022,,정혜경
정희용.png,국민의힘,,https://www.assembly.go.kr/static/portal/img/openassm/new/thumb/0d948db5655245a6afac2fa7beb66e81.png,,제22대,256,,,,100022,,정희용
조경태.jpg,국민의힘,,https://www.assembly.go.kr/static/portal/img/openassm/new/thumb/979f97345f794d5892e7b8cff8a7aa45.jpg,,제22대,257,,,,100022,,조경태
조계원.png,더불어민주당,,https://www.assembly.go.kr/static/portal/img/openassm/new/thumb/7b4eedcf7c2d4b9a8792f7ba5d0103a6.png,,제22대,258,,,,100022,,조계원
조배숙.jpg,국민의힘,,https://www.assembly.go.kr/static/portal/img/openassm/new/thumb/4927504637a6435c84ff327c77eaf735.jpg,,제22대,259,,,,100022,,조배숙
조승래.jpg,더불어민주당,,https://www.assembly.go.kr/static/portal/img/openassm/new/thumb/9e7bee59f70f453e9fad4939bd7f72c2.jpg,,제22대,260,,,,100022,,조승래
조승환.jpg,국민의힘,,https://www.assembly.go.kr/static/portal/img/openassm/new/thumb/c4da5dd92ac649af8262ead37610dc29.jpg,,제22대,261,,,,100022,,조승환
조은희.jpg,국민의힘,,https://www.assembly.go.kr/static/portal/img/openassm/new/thumb/67f9e0c2b48249b3b008743913f7ca25.jpg,,제22대,262,,,,100022,,조은희
조인철.png,더불어민주당,,https://www.assembly.go.kr/static/portal/img/openassm/new/thumb/264a103fd8ca4218be7239d650d86011.png,,제22대,263,,,,100022,,조인철
조정식.jpg,더불어민주당,,https://www.assembly.go.kr/static/portal/img/openassm/new/thumb/340424a491b7497cbfee7a446cdcbaa3.jpg,,제22대,264,,,,100022,,조정식
조정훈.jpg,국민의힘,,https://www.assembly.go.kr/static/portal/img/openassm/new/thumb/adbf0bf5375e47fba83d7834d3e70a0d.jpg,,제22대,265,,,,100022,,조정훈
조지연.png,국민의힘,,https://www.assembly.go.kr/static/portal/img/openassm/new/thumb/56eed1de2412435f98a26e9318f5eb96.png,,제22대,266,,,,100022,,조지연
주진우.JPG,국민의힘,,https://www.assembly.go.kr/static/portal/img/openassm/new/thumb/15ec75dba7fc4dd090fae8b3a13e05c0.JPG,,제22대,267,,,,100022,,주진우
주철현.jpg,더불어민주당,,https://www.assembly.go.kr/static/portal/img/openassm/new/thumb/7a6b0d6426f6474e9e2ec55ff6f18045.jpg,,제22대,268,,,,100022,,주철현
주호영.jpg,국민의힘,,https://www.assembly.go.kr/static/portal/img/openassm/new/thumb/18605df0f43547089061fa7f6a63f311.jpg,,제22대,269,,,,100022,,주호영
진선미.jpg,더불어민주당,,https://www.assembly.go.kr/static/portal/img/openassm/new/thumb/00320d16bed34a619ba08350b4e0de40.jpg,,제22대,270,,,,100022,,진선미
진성준.jpg,더불어민주당,,https://www.assembly.go.kr/static/portal/img/openassm/new/thumb/6b3400f4040e4d6bb354d1f758717055.jpg,,제22대,271,,,,100022,,진성준
진종오.jpg,국민의힘,,https://www.assembly.go.kr/static/portal/img/openassm/new/thumb/c39a39eef1a54ac79afc0124ac6a1598.jpg,,제22대,272,,,,100022,,진종오
차규근.jpg,조국혁신당,,https://www.assembly.go.kr/static/portal/img/openassm/new/thumb/b0844cd3027340e58a98404b7cc979ce.jpg,,제22대,273,,,,100022,,차규근
차지호.jpg,더불어민주당,,https://www.assembly.go.kr/static/portal/img/openassm/new/thumb/8cc552a68fa24bdf9a8df0dcbd9b0311.jpg,,제22대,274,,,,100022,,차지호
채현일.jpg,더불어민주당,,https://www.assembly.go.kr/static/portal/img/openassm/new/thumb/8882bbc77730433ab09ebfec08f32bb8.jpg,,제22대,275,,,,100022,,채현일
천준호.jpg,더불어민주당,,https://www.assembly.go.kr/static/portal/img/openassm/new/thumb/1ecd18672c604ef5a6c90dd06133006e.jpg,,제22대,276,,,,100022,,천준호
천하람.png,개혁신당,,https://www.assembly.go.kr/static/portal/img/openassm/new/thumb/c53e6e6ba35148d9bd27bf1ae2dc4083.png,,제22대,277,,,,100022,,천하람
최기상.PNG,더불어민주당,,https://www.assembly.go.kr/static/portal/img/openassm/new/thumb/d1a177cb53a84663853ccaba458d0fcd.PNG,,제22대,278,,,,100022,,최기상
최민희.png,더불어민주당,,https://www.assembly.go.kr/static/portal/img/openassm/new/thumb/0797d25588a14280a94de3bbe12ca8eb.png,,제22대,279,,,,100022,,최민희
최보윤.png,국민의힘,,https://www.assembly.go.kr/static/portal/img/openassm/new/thumb/084ad27bfd414d249c73484f8a1abe40.png,,제22대,280,,,,100022,,최보윤
최수진.jpg,국민의힘,,https://www.assembly.go.kr/static/portal/img/openassm/new/thumb/d3ffe855a57d42f081174b0858da1a91.jpg,,제22대,281,,,,100022,,최수진
최은석.png,국민의힘,,https://www.assembly.go.kr/static/portal/img/openassm/new/thumb/9434f70d32fa4f5d9fdf1765e541b175.png,,제22대,282,,,,100022,,최은석
최형두.jpg,국민의힘,,https://www.assembly.go.kr/static/portal/img/openassm/new/thumb/fbac5267e24343b98623752d6c854616.jpg,,제22대,283,,,,100022,,최형두
추경호.png,국민의힘,,https://www.assembly.go.kr/static/portal/img/openassm/new/thumb/c7d6cfa2eaa14041bb6408aba44ae0ab.png,,제22대,284,,,,100022,,추경호
추미애.jpg,더불어민주당,,https://www.assembly.go.kr/static/portal/img/openassm/new/thumb/32d2f7972ee74ef08f87e39f7e0db0e7.jpg,,제22대,285,,,,100022,,추미애
한기호.png,국민의힘,,https://www.assembly.go.kr/static/portal/img/openassm/new/thumb/9bb2d649d55a495d99c6750cc124e5bf.png,,제22대,286,,,,100022,,한기호
한민수.png,더불어민주당,,https://www.assembly.go.kr/static/portal/img/openassm/new/thumb/005a3d5dd9ea4299a1d3e4c457395e9a.png,,제22대,287,,,,100022,,한민수
한병도.jpg,더불어민주당,,https://www.assembly.go.kr/static/portal/img/openassm/new/thumb/a7695c6d5955474aa1962ffcaabcf804.jpg,,제22대,288,,,,100022,,한병도
한정애.jpg,더불어민주당,,https://www.assembly.go.kr/static/portal/img/openassm/new/thumb/7b04f535d62d401da2af886555ee4e4f.jpg,,제22대,289,,,,100022,,한정애
한준호.jpg,더불어민주당,,https://www.assembly.go.kr/static/portal/img/openassm/new/thumb/b5057465eeae44a38be3efb878ac21aa.jpg,,제22대,290,,,,100022,,한준호
한지아.jpg,국민의힘,,https://www.assembly.go.kr/static/portal/img/openassm/new/thumb/5156034c3ba143c3bae113a864791bcd.jpg,,제22대,291,,,,100022,,한지아
한창민.png,사회민주당,,https://www.assembly.go.kr/static/portal/img/openassm/new/thumb/7d13fce5339741b6a51b3dfddb37e866.png,,제22대,292,,,,100022,,한창민
허성무.jpg,더불어민주당,,https://www.assembly.go.kr/static/portal/img/openassm/new/thumb/f7e7a709f5454ca7b4c838506b1e004f.jpg,,제22대,293,,,,100022,,허성무
허영.png,더불어민주당,,https://www.assembly.go.kr/static/portal/img/openassm/new/thumb/52e5baf2188242e8b7688e9ca3748bab.png,,제22대,294,,,,100022,,허영
허종식.jpg,더불어민주당,,https://www.assembly.go.kr/static/portal/img/openassm/new/thumb/339cde11231c491fa74e47d685b0dbc4.jpg,,제22대,295,,,,100022,,허종식
홍기원.jpg,더불어민주당,,https://www.assembly.go.kr/static/portal/img/openassm/new/thumb/5bc90241361f4d89b8c647297d88f394.jpg,,제22대,296,,,,100022,,홍기원
황명선.jpg,더불어민주당,,https://www.assembly.go.kr/static/portal/img/openassm/new/thumb/1656aae7b6f041d292ed503036fe0071.jpg,,제22대,297,,,,100022,,황명선
황운하.jpg,조국혁신당,,https://www.assembly.go.kr/static/portal/img/openassm/new/thumb/06c8428e6785477abb1f105fa11685b4.jpg,,제22대,298,,,,100022,,황운하
황정아.jpg,더불어민주당,,https://www.assembly.go.kr/static/portal/img/openassm/new/thumb/3fb9d9e029ee438c9ad6c9050c36feee.jpg,,제22대,299,,,,100022,,황정아
황희.jpg,더불어민주당,,https://www.assembly.go.kr/static/portal/img/openassm/new/thumb/99e78cb9dfd447fb8ef4bb0dfb51b79c.jpg,,제22대,300,,,,100022,,황희
